{"cameraMode":{"drawMode":0,"name":"Shaded","section":"Shading Mode"},"sceneLighting":false,"audioPlay":false,"sceneViewState":{"showFog":true,"showMaterialUpdate":false,"showSkybox":false,"showFlares":true,"showImageEffects":true,"showParticleSystems":true},"in2DMode":false,"pivot":{"x":8.096689224243164,"y":-1.127151370048523,"z":11.8065185546875},"rotation":{"x":-0.11784246563911438,"y":-0.39239266514778139,"z":0.050857897847890857,"w":-0.9108311533927918},"size":11.983388900756836,"orthographic":false}