{"cameraMode":{"drawMode":0,"name":"Shaded","section":"Shading Mode"},"sceneLighting":true,"audioPlay":false,"sceneViewState":{"showFog":true,"showMaterialUpdate":false,"showSkybox":true,"showFlares":true,"showImageEffects":true,"showParticleSystems":true},"in2DMode":false,"pivot":{"x":5.546881675720215,"y":6.545285224914551,"z":6.217305660247803},"rotation":{"x":-0.07314857095479965,"y":0.8940623998641968,"z":-0.4125404357910156,"w":-0.1585567593574524},"size":13.58642292022705,"orthographic":false}