{"cameraMode":{"drawMode":0,"name":"Shaded","section":"Shading Mode"},"sceneLighting":false,"audioPlay":false,"sceneViewState":{"showFog":true,"showMaterialUpdate":false,"showSkybox":false,"showFlares":true,"showImageEffects":true,"showParticleSystems":true},"in2DMode":false,"pivot":{"x":-0.0901922881603241,"y":0.8737778663635254,"z":3.0655691623687746},"rotation":{"x":-0.1328394114971161,"y":0.23347358405590058,"z":-0.032149538397789,"w":-0.9627410173416138},"size":0.29520463943481448,"orthographic":false}