{"cameraMode":{"drawMode":0,"name":"Shaded","section":"Shading Mode"},"sceneLighting":true,"audioPlay":false,"sceneViewState":{"showFog":true,"showMaterialUpdate":false,"showSkybox":true,"showFlares":true,"showImageEffects":true,"showParticleSystems":true},"in2DMode":false,"pivot":{"x":5.9363508224487309,"y":4.137994766235352,"z":1.6945743560791016},"rotation":{"x":-0.14867360889911652,"y":0.850885808467865,"z":-0.341153621673584,"w":-0.3708532154560089},"size":23.713481903076173,"orthographic":false}