{"cameraMode":{"drawMode":0,"name":"Shaded","section":"Shading Mode"},"sceneLighting":false,"audioPlay":false,"sceneViewState":{"showFog":true,"showMaterialUpdate":false,"showSkybox":false,"showFlares":true,"showImageEffects":true,"showParticleSystems":true},"in2DMode":false,"pivot":{"x":11.218568801879883,"y":0.3158426880836487,"z":6.2454986572265629},"rotation":{"x":0.1440584510564804,"y":-0.1287539154291153,"z":0.01890714280307293,"w":0.9809768199920654},"size":1.1199843883514405,"orthographic":false}