{"cameraMode":{"drawMode":0,"name":"Shaded","section":"Shading Mode"},"sceneLighting":true,"audioPlay":false,"sceneViewState":{"showFog":true,"showMaterialUpdate":false,"showSkybox":true,"showFlares":true,"showImageEffects":true,"showParticleSystems":true},"in2DMode":false,"pivot":{"x":2.977752685546875,"y":-0.5196428298950195,"z":1.8765573501586915},"rotation":{"x":-0.08728679269552231,"y":0.9117739200592041,"z":-0.30499449372291567,"w":-0.2608949840068817},"size":21.103294372558595,"orthographic":false}