{"cameraMode":{"drawMode":0,"name":"Shaded","section":"Shading Mode"},"sceneLighting":false,"audioPlay":false,"sceneViewState":{"showFog":true,"showMaterialUpdate":false,"showSkybox":false,"showFlares":true,"showImageEffects":true,"showParticleSystems":true},"in2DMode":false,"pivot":{"x":0.6577336192131043,"y":0.039653077721595767,"z":0.3490201234817505},"rotation":{"x":-0.2012854963541031,"y":0.06403589248657227,"z":-0.013108737766742707,"w":-0.9773784279823303},"size":0.21699868142604829,"orthographic":false}