{"cameraMode":{"drawMode":0,"name":"Shaded","section":"Shading Mode"},"sceneLighting":false,"audioPlay":false,"sceneViewState":{"showFog":true,"showMaterialUpdate":false,"showSkybox":false,"showFlares":true,"showImageEffects":true,"showParticleSystems":true},"in2DMode":false,"pivot":{"x":-2.0479178428649904,"y":0.29578110575675967,"z":2.214667797088623},"rotation":{"x":0.14877760410308839,"y":-0.7945761680603027,"z":0.21580468118190766,"w":0.5477855205535889},"size":0.3452344536781311,"orthographic":false}