{"cameraMode":{"drawMode":0,"name":"Shaded","section":"Shading Mode"},"sceneLighting":false,"audioPlay":false,"sceneViewState":{"showFog":true,"showMaterialUpdate":false,"showSkybox":false,"showFlares":true,"showImageEffects":true,"showParticleSystems":true},"in2DMode":false,"pivot":{"x":5.088327407836914,"y":1.2699999809265137,"z":4.057590484619141},"rotation":{"x":0.18743664026260377,"y":0.6302072405815125,"z":-0.16045533120632173,"w":0.7361817359924316},"size":4.041658401489258,"orthographic":false}