{"cameraMode":{"drawMode":0,"name":"Shaded","section":"Shading Mode"},"sceneLighting":false,"audioPlay":false,"sceneViewState":{"showFog":true,"showMaterialUpdate":false,"showSkybox":false,"showFlares":true,"showImageEffects":true,"showParticleSystems":true},"in2DMode":false,"pivot":{"x":-2.409604549407959,"y":1.1144932508468629,"z":3.68161940574646},"rotation":{"x":-0.21416743099689485,"y":-0.24625425040721894,"z":0.05596092715859413,"w":-0.9436194896697998},"size":6.236965656280518,"orthographic":false}