{"cameraMode":{"drawMode":0,"name":"Shaded","section":"Shading Mode"},"sceneLighting":true,"audioPlay":false,"sceneViewState":{"showFog":true,"showMaterialUpdate":false,"showSkybox":true,"showFlares":true,"showImageEffects":true,"showParticleSystems":true},"in2DMode":false,"pivot":{"x":-0.8551962375640869,"y":0.5723907947540283,"z":1.0383763313293458},"rotation":{"x":-0.07430929690599442,"y":0.8010820150375366,"z":-0.10172459483146668,"w":-0.5851644277572632},"size":4.687864303588867,"orthographic":false}