{"cameraMode":{"drawMode":0,"name":"Shaded","section":"Shading Mode"},"sceneLighting":true,"audioPlay":false,"sceneViewState":{"showFog":true,"showMaterialUpdate":false,"showSkybox":true,"showFlares":true,"showImageEffects":true,"showParticleSystems":true},"in2DMode":false,"pivot":{"x":-0.3752386271953583,"y":1.5130054950714112,"z":2.2427005767822267},"rotation":{"x":0.058482490479946139,"y":-0.1713433563709259,"z":0.010189603082835675,"w":0.9834226965904236},"size":10.690997123718262,"orthographic":false}